date,category,amount
2024-03-20,shopping,43.6
2024-03-20,travel,117.93
2024-03-20,utilities,121.54
2024-03-20,misc,22.06
2024-03-21,groceries,84.46
2024-03-21,entertainment,46.26
2024-03-21,misc,23.44
2024-03-22,shopping,38.29
2024-03-22,groceries,97.14
2024-03-22,entertainment,36.18
2024-03-22,travel,116.56
2024-03-22,utilities,115.36
2024-03-22,misc,21.67
2024-03-23,shopping,57.1
2024-03-23,groceries,87.0
2024-03-23,entertainment,32.98
2024-03-23,travel,83.13
2024-03-23,misc,14.51
2024-03-24,shopping,39.32
2024-03-24,entertainment,50.23
2024-03-24,travel,73.03
2024-03-24,misc,22.91
2024-03-25,shopping,42.2
2024-03-25,travel,80.75
2024-03-25,utilities,90.53
2024-03-25,misc,14.34
2024-03-26,dining,21.28
2024-03-26,groceries,67.82
2024-03-26,entertainment,48.09
2024-03-26,travel,104.59
2024-03-26,utilities,155.44
2024-03-26,misc,17.74
2024-03-27,shopping,44.59
2024-03-27,groceries,81.84
2024-03-27,entertainment,51.0
2024-03-27,travel,100.52
2024-03-27,utilities,141.6
2024-03-28,dining,33.37
2024-03-28,shopping,63.55
2024-03-28,groceries,95.06
2024-03-28,travel,71.14
2024-03-28,misc,17.33
2024-03-29,groceries,65.76
2024-03-29,travel,121.87
2024-03-29,utilities,93.65
2024-03-30,dining,47.84
2024-03-30,shopping,41.27
2024-03-30,groceries,85.02
2024-03-30,entertainment,37.2
2024-03-30,travel,110.6
2024-03-30,utilities,113.53
2024-03-31,dining,27.74
2024-03-31,shopping,62.64
2024-03-31,groceries,95.99
2024-03-31,entertainment,40.8
2024-03-31,utilities,126.66
2024-03-31,misc,20.97
2024-04-01,groceries,93.06
2024-04-01,entertainment,50.24
2024-04-01,travel,98.19
2024-04-01,utilities,142.37
2024-04-01,misc,19.17
2024-04-02,shopping,64.94
2024-04-02,groceries,58.45
2024-04-02,entertainment,28.51
2024-04-02,utilities,104.96
2024-04-02,misc,19.74
2024-04-03,shopping,60.3
2024-04-03,groceries,71.12
2024-04-03,entertainment,36.44
2024-04-03,travel,107.62
2024-04-03,misc,16.42
2024-04-04,dining,30.28
2024-04-04,groceries,73.58
2024-04-04,entertainment,38.12
2024-04-04,travel,75.7
2024-04-04,misc,18.64
2024-04-05,shopping,37.39
2024-04-05,groceries,72.14
2024-04-05,entertainment,39.14
2024-04-05,travel,122.1
2024-04-05,utilities,108.71
2024-04-05,misc,21.0
2024-04-06,shopping,46.57
2024-04-06,groceries,101.83
2024-04-06,entertainment,30.22
2024-04-06,travel,126.62
2024-04-06,utilities,144.46
2024-04-06,misc,25.78
2024-04-07,dining,36.31
2024-04-07,groceries,95.54
2024-04-07,entertainment,32.14
2024-04-07,utilities,110.98
2024-04-07,misc,19.22
2024-04-08,dining,30.24
2024-04-08,shopping,42.16
2024-04-08,groceries,58.39
2024-04-08,entertainment,45.89
2024-04-08,travel,99.39
2024-04-08,utilities,116.74
2024-04-08,misc,17.38
2024-04-09,dining,28.0
2024-04-09,groceries,86.15
2024-04-09,travel,124.49
2024-04-09,utilities,86.81
2024-04-09,misc,16.76
2024-04-10,dining,33.95
2024-04-10,shopping,54.45
2024-04-10,groceries,80.11
2024-04-10,entertainment,44.47
2024-04-10,utilities,148.04
2024-04-10,misc,25.66
2024-04-11,dining,24.37
2024-04-11,shopping,40.24
2024-04-11,groceries,86.16
2024-04-11,entertainment,48.27
2024-04-11,travel,76.97
2024-04-11,utilities,113.36
2024-04-12,dining,33.61
2024-04-12,entertainment,32.45
2024-04-12,utilities,150.11
2024-04-12,misc,22.11
2024-04-13,dining,29.98
2024-04-13,shopping,57.67
2024-04-13,entertainment,34.68
2024-04-13,travel,98.66
2024-04-13,utilities,121.01
2024-04-14,dining,37.14
2024-04-14,shopping,52.3
2024-04-14,entertainment,31.31
2024-04-14,utilities,131.54
2024-04-14,misc,22.67
2024-04-15,dining,37.14
2024-04-15,shopping,64.65
2024-04-15,groceries,87.5
2024-04-15,entertainment,51.42
2024-04-15,travel,110.31
2024-04-15,misc,23.34
2024-04-16,shopping,59.87
2024-04-16,groceries,95.53
2024-04-16,entertainment,35.78
2024-04-16,travel,80.3
2024-04-16,misc,14.03
2024-04-17,dining,29.02
2024-04-17,shopping,36.51
2024-04-17,groceries,87.49
2024-04-17,utilities,89.77
2024-04-17,misc,17.04
2024-04-18,dining,35.11
2024-04-18,shopping,55.97
2024-04-18,groceries,79.48
2024-04-18,entertainment,32.9
2024-04-18,travel,103.74
2024-04-19,shopping,50.44
2024-04-19,entertainment,50.59
2024-04-19,travel,91.97
2024-04-20,dining,47.64
2024-04-20,groceries,81.25
2024-04-20,travel,92.89
2024-04-20,utilities,106.76
2024-04-20,misc,17.0
2024-04-21,dining,30.61
2024-04-21,shopping,45.58
2024-04-21,groceries,61.58
2024-04-21,entertainment,29.3
2024-04-21,misc,21.7
2024-04-22,dining,24.55
2024-04-22,shopping,59.54
2024-04-22,groceries,94.54
2024-04-22,entertainment,44.83
2024-04-22,travel,97.32
2024-04-22,utilities,91.17
2024-04-22,misc,24.92
2024-04-23,shopping,64.57
2024-04-23,groceries,90.12
2024-04-23,entertainment,46.24
2024-04-23,travel,87.3
2024-04-24,shopping,41.92
2024-04-24,groceries,61.67
2024-04-24,entertainment,44.91
2024-04-24,utilities,115.57
2024-04-24,misc,21.92
2024-04-25,dining,27.9
2024-04-25,groceries,60.1
2024-04-25,travel,81.98
2024-04-26,dining,32.63
2024-04-26,shopping,38.3
2024-04-26,utilities,155.0
2024-04-26,misc,22.06
2024-04-27,dining,29.0
2024-04-27,shopping,36.44
2024-04-27,groceries,100.75
2024-04-27,entertainment,31.08
2024-04-27,utilities,126.57
2024-04-27,misc,14.61
2024-04-28,dining,32.85
2024-04-28,shopping,47.79
2024-04-28,entertainment,48.29
2024-04-28,travel,128.53
2024-04-29,dining,25.62
2024-04-29,groceries,79.95
2024-04-29,entertainment,32.32
2024-04-29,travel,79.45
2024-04-29,utilities,108.42
2024-04-29,misc,17.46
2024-04-30,dining,23.85
2024-04-30,shopping,38.17
2024-04-30,groceries,82.23
2024-04-30,entertainment,38.99
2024-04-30,utilities,132.09
2024-04-30,misc,16.9
2024-05-01,dining,29.92
2024-05-01,shopping,52.03
2024-05-01,groceries,91.48
2024-05-01,travel,91.06
2024-05-01,misc,20.27
2024-05-02,dining,22.72
2024-05-02,shopping,60.28
2024-05-02,groceries,75.85
2024-05-02,entertainment,30.79
2024-05-02,travel,93.58
2024-05-02,utilities,138.83
2024-05-03,dining,28.83
2024-05-03,groceries,74.18
2024-05-03,entertainment,28.39
2024-05-03,travel,94.57
2024-05-03,utilities,116.53
2024-05-04,shopping,55.32
2024-05-04,groceries,67.67
2024-05-04,travel,97.44
2024-05-04,utilities,107.94
2024-05-04,misc,15.99
2024-05-05,dining,48.03
2024-05-05,shopping,55.89
2024-05-05,groceries,78.66
2024-05-05,entertainment,51.31
2024-05-05,utilities,142.25
2024-05-06,dining,36.14
2024-05-06,shopping,45.7
2024-05-06,groceries,83.84
2024-05-06,entertainment,30.07
2024-05-06,utilities,152.41
2024-05-06,misc,17.15
2024-05-07,shopping,42.91
2024-05-07,entertainment,35.59
2024-05-07,utilities,86.53
2024-05-08,shopping,42.21
2024-05-08,groceries,96.07
2024-05-08,entertainment,50.36
2024-05-08,travel,72.8
2024-05-08,utilities,89.13
2024-05-08,misc,16.84
2024-05-09,shopping,45.68
2024-05-09,travel,70.29
2024-05-09,utilities,128.9
2024-05-10,dining,22.64
2024-05-10,shopping,60.59
2024-05-10,groceries,83.22
2024-05-10,entertainment,47.29
2024-05-10,travel,107.4
2024-05-10,utilities,133.67
2024-05-10,misc,23.62
2024-05-11,dining,44.79
2024-05-11,shopping,36.47
2024-05-11,groceries,103.99
2024-05-11,travel,118.6
2024-05-11,utilities,93.54
2024-05-12,dining,35.43
2024-05-12,groceries,99.96
2024-05-12,utilities,102.6
2024-05-12,misc,15.77
2024-05-13,shopping,42.37
2024-05-13,groceries,80.21
2024-05-13,entertainment,45.14
2024-05-13,travel,92.15
2024-05-13,utilities,128.3
2024-05-13,misc,16.74
2024-05-14,groceries,93.96
2024-05-14,entertainment,30.1
2024-05-14,travel,104.48
2024-05-14,utilities,144.79
2024-05-14,misc,18.46
2024-05-15,shopping,60.78
2024-05-15,groceries,100.63
2024-05-15,entertainment,36.73
2024-05-15,travel,94.35
2024-05-15,utilities,84.61
2024-05-16,dining,22.45
2024-05-16,shopping,59.15
2024-05-16,groceries,80.97
2024-05-16,entertainment,35.86
2024-05-16,travel,97.94
2024-05-16,utilities,121.26
2024-05-16,misc,14.35
2024-05-17,shopping,50.74
2024-05-17,groceries,88.12
2024-05-17,entertainment,44.28
2024-05-17,travel,119.97
2024-05-17,utilities,136.75
2024-05-18,groceries,57.39
2024-05-18,entertainment,42.01
2024-05-18,travel,73.82
2024-05-18,misc,23.87
2024-05-19,dining,49.67
2024-05-19,shopping,64.25
2024-05-19,groceries,56.64
2024-05-19,utilities,145.97
2024-05-19,misc,24.47
2024-05-20,dining,25.86
2024-05-20,shopping,59.19
2024-05-20,groceries,92.49
2024-05-20,entertainment,37.74
2024-05-20,utilities,96.58
2024-05-20,misc,16.93
2024-05-21,dining,30.57
2024-05-21,shopping,64.78
2024-05-21,groceries,85.07
2024-05-21,entertainment,40.75
2024-05-21,travel,94.48
2024-05-21,utilities,155.68
2024-05-22,shopping,44.87
2024-05-22,groceries,82.24
2024-05-22,entertainment,48.99
2024-05-22,utilities,93.88
2024-05-22,misc,16.53
2024-05-23,dining,27.28
2024-05-23,groceries,76.0
2024-05-23,entertainment,37.22
2024-05-23,travel,117.97
2024-05-23,utilities,130.93
2024-05-23,misc,18.37
2024-05-24,dining,21.57
2024-05-24,shopping,59.16
2024-05-24,entertainment,43.49
2024-05-24,travel,92.54
2024-05-24,misc,17.23
2024-05-25,dining,48.3
2024-05-25,groceries,73.65
2024-05-25,entertainment,35.34
2024-05-25,travel,95.24
2024-05-26,dining,39.88
2024-05-26,shopping,61.07
2024-05-26,groceries,99.6
2024-05-26,entertainment,37.01
2024-05-27,entertainment,30.53
2024-05-27,travel,75.33
2024-05-27,utilities,123.81
2024-05-28,entertainment,35.34
2024-05-28,travel,111.04
2024-05-28,misc,25.65
2024-05-29,shopping,48.55
2024-05-29,groceries,86.41
2024-05-29,entertainment,31.8
2024-05-29,utilities,130.33
2024-05-29,misc,16.92
2024-05-30,dining,31.97
2024-05-30,shopping,59.68
2024-05-30,groceries,64.19
2024-05-30,entertainment,41.13
2024-05-30,utilities,99.99
2024-05-30,misc,16.28
2024-05-31,dining,36.8
2024-05-31,shopping,42.54
2024-05-31,entertainment,50.98
2024-05-31,travel,70.15
2024-06-01,dining,33.63
2024-06-01,entertainment,40.19
2024-06-01,travel,202.91
2024-06-01,utilities,129.06
2024-06-01,misc,21.37
2024-06-02,dining,34.18
2024-06-02,shopping,40.59
2024-06-02,groceries,89.24
2024-06-02,entertainment,39.64
2024-06-02,travel,179.84
2024-06-02,utilities,108.27
2024-06-02,misc,16.47
2024-06-03,dining,34.54
2024-06-03,entertainment,38.39
2024-06-03,travel,126.25
2024-06-03,utilities,88.48
2024-06-04,dining,24.78
2024-06-04,groceries,102.21
2024-06-04,entertainment,32.32
2024-06-04,travel,233.99
2024-06-04,utilities,96.37
2024-06-04,misc,22.4
2024-06-05,dining,34.55
2024-06-05,shopping,61.6
2024-06-05,entertainment,50.42
2024-06-05,travel,221.6
2024-06-05,utilities,87.63
2024-06-06,dining,26.51
2024-06-06,groceries,103.5
2024-06-06,utilities,124.79
2024-06-06,misc,15.1
2024-06-07,shopping,56.02
2024-06-07,travel,182.35
2024-06-07,misc,16.53
2024-06-08,dining,35.83
2024-06-08,utilities,106.3
2024-06-08,misc,25.65
2024-06-09,dining,45.47
2024-06-09,shopping,45.27
2024-06-09,groceries,79.75
2024-06-09,utilities,121.2
2024-06-09,misc,14.73
2024-06-10,shopping,42.94
2024-06-10,misc,15.84
2024-06-11,shopping,56.8
2024-06-11,groceries,61.57
2024-06-12,dining,21.09
2024-06-12,shopping,41.24
2024-06-12,groceries,95.13
2024-06-12,entertainment,49.84
2024-06-12,misc,17.0
2024-06-13,dining,30.46
2024-06-13,shopping,46.26
2024-06-13,groceries,58.24
2024-06-13,travel,180.92
2024-06-13,utilities,91.39
2024-06-13,misc,15.15
2024-06-14,utilities,91.42
2024-06-14,misc,24.96
2024-06-15,travel,213.17
2024-06-15,utilities,103.36
2024-06-15,misc,18.61
2024-06-16,shopping,47.49
2024-06-16,entertainment,41.2
2024-06-16,travel,188.1
2024-06-16,utilities,124.94
2024-06-16,misc,22.06
2024-06-17,dining,33.39
2024-06-17,shopping,54.92
2024-06-17,groceries,66.76
2024-06-17,entertainment,29.84
2024-06-17,utilities,86.89
2024-06-17,misc,21.78
2024-06-18,shopping,50.16
2024-06-18,groceries,88.91
2024-06-18,entertainment,48.56
2024-06-18,travel,194.25
2024-06-19,shopping,43.58
2024-06-19,groceries,86.19
2024-06-19,utilities,139.15
2024-06-19,misc,24.57
2024-06-20,dining,33.95
2024-06-20,shopping,38.57
2024-06-20,groceries,60.32
2024-06-20,entertainment,44.77
2024-06-20,travel,158.82
2024-06-20,utilities,115.24
2024-06-20,misc,18.56
2024-06-21,dining,38.29
2024-06-21,shopping,45.85
2024-06-21,groceries,88.97
2024-06-21,entertainment,47.81
2024-06-21,misc,17.02
2024-06-22,dining,32.24
2024-06-22,shopping,60.09
2024-06-22,groceries,84.25
2024-06-22,entertainment,34.31
2024-06-22,travel,150.93
2024-06-22,misc,24.76
2024-06-23,dining,38.99
2024-06-23,shopping,50.38
2024-06-23,groceries,93.62
2024-06-23,utilities,87.33
2024-06-23,misc,25.38
2024-06-24,dining,38.17
2024-06-24,shopping,64.45
2024-06-24,groceries,64.32
2024-06-24,entertainment,43.04
2024-06-24,utilities,117.02
2024-06-25,dining,34.95
2024-06-25,shopping,50.54
2024-06-25,groceries,60.43
2024-06-25,utilities,104.22
2024-06-26,dining,37.5
2024-06-26,shopping,61.07
2024-06-26,groceries,80.54
2024-06-26,entertainment,34.38
2024-06-26,travel,182.87
2024-06-26,utilities,120.27
2024-06-27,dining,32.36
2024-06-27,shopping,37.05
2024-06-27,groceries,100.66
2024-06-27,travel,181.3
2024-06-27,utilities,135.94
2024-06-27,misc,17.25
2024-06-28,dining,37.19
2024-06-28,shopping,36.69
2024-06-28,groceries,86.34
2024-06-28,travel,174.7
2024-06-28,utilities,128.6
2024-06-29,entertainment,48.95
2024-06-29,travel,205.43
2024-06-29,utilities,86.81
2024-06-29,misc,14.54
2024-06-30,dining,31.38
2024-06-30,shopping,60.77
2024-06-30,groceries,73.02
2024-06-30,entertainment,43.64
2024-06-30,travel,187.32
2024-06-30,misc,21.85
2024-07-01,dining,38.86
2024-07-01,entertainment,43.71
2024-07-01,travel,217.54
2024-07-01,utilities,176.34
2024-07-01,misc,23.71
2024-07-02,dining,23.37
2024-07-02,shopping,44.79
2024-07-02,groceries,72.14
2024-07-02,entertainment,49.89
2024-07-02,travel,231.56
2024-07-02,misc,16.78
2024-07-03,entertainment,38.36
2024-07-03,travel,168.42
2024-07-03,misc,14.65
2024-07-04,dining,22.06
2024-07-04,shopping,49.64
2024-07-04,entertainment,31.2
2024-07-04,utilities,166.44
2024-07-05,shopping,46.85
2024-07-05,groceries,73.52
2024-07-05,entertainment,48.02
2024-07-06,dining,33.97
2024-07-06,groceries,90.69
2024-07-06,entertainment,49.63
2024-07-06,travel,133.47
2024-07-06,utilities,186.15
2024-07-06,misc,19.09
2024-07-07,shopping,55.01
2024-07-07,groceries,77.32
2024-07-07,travel,171.0
2024-07-07,misc,22.39
2024-07-08,groceries,84.37
2024-07-08,entertainment,28.3
2024-07-08,utilities,135.77
2024-07-09,shopping,45.09
2024-07-09,groceries,75.49
2024-07-09,travel,207.91
2024-07-09,misc,19.21
2024-07-10,shopping,36.46
2024-07-10,groceries,67.03
2024-07-10,entertainment,42.87
2024-07-10,utilities,127.23
2024-07-10,misc,22.1
2024-07-11,dining,24.74
2024-07-11,shopping,46.2
2024-07-11,groceries,71.01
2024-07-11,travel,186.91
2024-07-11,utilities,134.21
2024-07-11,misc,17.14
2024-07-12,shopping,49.82
2024-07-12,groceries,91.2
2024-07-12,utilities,141.18
2024-07-12,misc,23.17
2024-07-13,dining,45.52
2024-07-13,shopping,48.29
2024-07-13,groceries,83.02
2024-07-13,entertainment,33.11
2024-07-13,travel,162.14
2024-07-13,utilities,153.29
2024-07-14,shopping,51.15
2024-07-14,groceries,70.18
2024-07-14,travel,160.45
2024-07-14,utilities,112.9
2024-07-14,misc,18.01
2024-07-15,dining,37.27
2024-07-15,shopping,50.57
2024-07-15,groceries,66.84
2024-07-15,entertainment,40.62
2024-07-15,travel,161.29
2024-07-16,dining,27.7
2024-07-16,groceries,58.91
2024-07-16,entertainment,42.86
2024-07-16,travel,191.6
2024-07-16,utilities,185.98
2024-07-17,dining,34.85
2024-07-17,utilities,120.99
2024-07-18,groceries,84.16
2024-07-18,entertainment,45.95
2024-07-18,travel,142.6
2024-07-18,utilities,101.88
2024-07-18,misc,19.4
2024-07-19,misc,24.01
2024-07-20,dining,49.66
2024-07-20,shopping,52.85
2024-07-20,groceries,65.79
2024-07-20,entertainment,37.0
2024-07-20,travel,193.82
2024-07-20,utilities,186.23
2024-07-20,misc,23.51
2024-07-21,groceries,92.06
2024-07-21,travel,145.24
2024-07-21,misc,20.29
2024-07-22,shopping,50.22
2024-07-22,groceries,69.42
2024-07-22,entertainment,28.38
2024-07-22,utilities,106.94
2024-07-22,misc,21.43
2024-07-23,dining,26.61
2024-07-23,groceries,96.96
2024-07-23,utilities,170.96
2024-07-23,misc,18.95
2024-07-24,shopping,39.87
2024-07-24,groceries,64.12
2024-07-24,entertainment,29.66
2024-07-24,travel,159.74
2024-07-24,misc,23.36
2024-07-25,dining,27.33
2024-07-25,shopping,53.8
2024-07-25,groceries,75.67
2024-07-25,travel,233.4
2024-07-25,utilities,124.96
2024-07-26,dining,37.14
2024-07-26,groceries,59.29
2024-07-26,entertainment,36.49
2024-07-26,travel,137.99
2024-07-26,utilities,124.14
2024-07-26,misc,17.4
2024-07-27,dining,35.92
2024-07-27,shopping,43.31
2024-07-27,groceries,93.0
2024-07-27,entertainment,37.95
2024-07-27,travel,135.42
2024-07-28,dining,47.57
2024-07-28,shopping,38.78
2024-07-28,groceries,78.36
2024-07-28,entertainment,38.82
2024-07-28,travel,149.6
2024-07-28,utilities,159.29
2024-07-28,misc,22.47
2024-07-29,dining,35.33
2024-07-29,shopping,46.18
2024-07-29,travel,169.12
2024-07-29,misc,24.55
2024-07-30,shopping,41.22
2024-07-30,entertainment,50.2
2024-07-30,travel,198.65
2024-07-30,utilities,136.2
2024-07-31,dining,23.78
2024-07-31,groceries,102.78
2024-07-31,entertainment,40.92
2024-07-31,travel,177.97
2024-07-31,utilities,172.36
2024-08-01,dining,29.77
2024-08-01,shopping,47.25
2024-08-01,groceries,76.22
2024-08-01,entertainment,30.01
2024-08-01,utilities,104.85
2024-08-01,misc,19.41
2024-08-02,groceries,101.96
2024-08-02,entertainment,50.77
2024-08-02,travel,175.69
2024-08-02,misc,21.68
2024-08-03,dining,29.35
2024-08-03,groceries,95.32
2024-08-03,travel,227.53
2024-08-03,utilities,140.3
2024-08-03,misc,17.78
2024-08-04,dining,29.03
2024-08-04,shopping,35.49
2024-08-04,groceries,83.91
2024-08-04,travel,232.27
2024-08-04,misc,21.09
2024-08-05,groceries,61.77
2024-08-05,entertainment,43.56
2024-08-06,shopping,46.85
2024-08-06,entertainment,40.9
2024-08-06,travel,159.22
2024-08-06,misc,22.2
2024-08-07,dining,30.36
2024-08-07,shopping,57.93
2024-08-07,groceries,71.43
2024-08-07,misc,25.99
2024-08-08,shopping,58.72
2024-08-08,groceries,62.97
2024-08-08,entertainment,45.54
2024-08-08,travel,150.8
2024-08-08,utilities,143.28
2024-08-08,misc,19.18
2024-08-09,dining,33.33
2024-08-09,shopping,54.48
2024-08-09,groceries,86.55
2024-08-09,utilities,145.14
2024-08-09,misc,18.26
2024-08-10,shopping,41.1
2024-08-10,groceries,101.81
2024-08-10,entertainment,31.21
2024-08-10,travel,166.51
2024-08-11,dining,41.03
2024-08-11,shopping,56.28
2024-08-11,groceries,64.36
2024-08-11,entertainment,30.91
2024-08-11,travel,180.61
2024-08-12,groceries,73.99
2024-08-12,entertainment,46.63
2024-08-12,travel,196.41
2024-08-12,misc,18.39
2024-08-13,dining,37.86
2024-08-13,shopping,40.43
2024-08-13,groceries,56.83
2024-08-13,entertainment,47.5
2024-08-13,travel,144.61
2024-08-13,utilities,150.6
2024-08-14,shopping,43.39
2024-08-14,entertainment,37.0
2024-08-14,travel,149.28
2024-08-14,misc,24.79
2024-08-15,shopping,63.81
2024-08-15,entertainment,31.14
2024-08-15,utilities,177.92
2024-08-15,misc,21.04
2024-08-16,dining,30.14
2024-08-16,shopping,45.7
2024-08-16,groceries,102.56
2024-08-16,entertainment,43.45
2024-08-16,travel,227.34
2024-08-16,utilities,103.8
2024-08-16,misc,16.99
2024-08-17,groceries,103.66
2024-08-17,entertainment,28.67
2024-08-17,travel,204.91
2024-08-17,misc,15.42
2024-08-18,dining,29.09
2024-08-18,groceries,66.09
2024-08-18,utilities,186.37
2024-08-18,misc,25.88
2024-08-19,dining,22.71
2024-08-19,shopping,45.42
2024-08-19,groceries,71.63
2024-08-19,entertainment,50.52
2024-08-19,utilities,154.07
2024-08-20,dining,21.48
2024-08-20,shopping,45.06
2024-08-20,groceries,80.42
2024-08-20,entertainment,29.86
2024-08-20,travel,213.99
2024-08-20,utilities,120.38
2024-08-21,dining,31.18
2024-08-21,shopping,64.28
2024-08-21,entertainment,50.65
2024-08-21,travel,156.39
2024-08-21,utilities,114.43
2024-08-22,dining,26.08
2024-08-22,shopping,44.9
2024-08-22,groceries,72.43
2024-08-22,entertainment,44.04
2024-08-22,travel,148.94
2024-08-22,misc,22.83
2024-08-23,dining,38.88
2024-08-23,shopping,51.83
2024-08-23,groceries,94.55
2024-08-23,misc,22.87
2024-08-24,dining,38.08
2024-08-24,groceries,73.2
2024-08-24,travel,202.82
2024-08-24,misc,14.32
2024-08-25,groceries,59.42
2024-08-25,entertainment,39.31
2024-08-25,travel,173.22
2024-08-25,utilities,113.28
2024-08-25,misc,23.08
2024-08-26,dining,31.27
2024-08-26,shopping,35.37
2024-08-26,entertainment,36.02
2024-08-26,travel,171.0
2024-08-26,utilities,141.86
2024-08-26,misc,17.56
2024-08-27,shopping,61.57
2024-08-27,groceries,103.19
2024-08-27,travel,140.31
2024-08-27,misc,18.39
2024-08-28,shopping,36.11
2024-08-28,groceries,80.33
2024-08-28,entertainment,41.22
2024-08-28,travel,217.96
2024-08-28,utilities,184.46
2024-08-28,misc,24.0
2024-08-29,dining,21.99
2024-08-29,shopping,46.79
2024-08-29,entertainment,35.71
2024-08-29,travel,153.06
2024-08-29,utilities,108.04
2024-08-29,misc,25.98
2024-08-30,shopping,52.7
2024-08-30,groceries,75.58
2024-08-30,travel,208.54
2024-08-31,dining,42.25
2024-08-31,shopping,57.36
2024-08-31,entertainment,47.78
2024-08-31,travel,206.45
2024-09-01,dining,41.84
2024-09-01,shopping,58.03
2024-09-01,entertainment,30.24
2024-09-01,travel,88.33
2024-09-01,misc,21.87
2024-09-02,dining,33.67
2024-09-02,shopping,45.94
2024-09-02,groceries,56.64
2024-09-02,entertainment,45.26
2024-09-02,travel,119.47
2024-09-02,utilities,108.53
2024-09-02,misc,16.33
2024-09-03,dining,25.16
2024-09-03,shopping,61.26
2024-09-03,groceries,59.99
2024-09-03,travel,116.57
2024-09-04,dining,35.96
2024-09-04,shopping,56.3
2024-09-05,dining,33.85
2024-09-05,shopping,63.02
2024-09-05,entertainment,34.9
2024-09-05,travel,104.15
2024-09-05,utilities,116.5
2024-09-05,misc,17.68
2024-09-06,shopping,38.24
2024-09-06,groceries,90.54
2024-09-06,travel,83.27
2024-09-06,utilities,94.62
2024-09-07,dining,49.81
2024-09-07,shopping,63.57
2024-09-07,groceries,82.91
2024-09-07,entertainment,49.41
2024-09-07,travel,118.48
2024-09-07,utilities,101.39
2024-09-07,misc,25.19
2024-09-08,dining,43.93
2024-09-08,shopping,53.19
2024-09-08,groceries,86.46
2024-09-08,utilities,105.64
2024-09-09,shopping,52.59
2024-09-09,entertainment,43.65
2024-09-09,travel,74.67
2024-09-09,utilities,149.8
2024-09-09,misc,21.97
2024-09-10,dining,32.21
2024-09-10,shopping,39.9
2024-09-10,entertainment,31.65
2024-09-10,travel,78.29
2024-09-11,groceries,84.92
2024-09-11,travel,102.97
2024-09-12,dining,30.4
2024-09-12,shopping,45.96
2024-09-12,groceries,60.13
2024-09-12,utilities,116.11
2024-09-12,misc,25.75
2024-09-13,dining,35.52
2024-09-13,shopping,62.63
2024-09-13,entertainment,44.02
2024-09-13,travel,71.91
2024-09-13,utilities,137.58
2024-09-13,misc,23.41
2024-09-14,shopping,61.6
2024-09-14,travel,71.11
2024-09-14,misc,20.72
2024-09-15,dining,31.76
2024-09-15,shopping,50.74
2024-09-15,groceries,61.15
2024-09-15,entertainment,42.14
2024-09-15,travel,125.83
2024-09-15,utilities,153.9
2024-09-15,misc,15.73
2024-09-16,dining,33.85
2024-09-16,shopping,59.62
2024-09-16,groceries,92.52
2024-09-16,travel,91.0
2024-09-16,misc,14.37
2024-09-17,shopping,51.59
2024-09-17,groceries,97.38
2024-09-17,entertainment,46.36
2024-09-17,travel,90.55
2024-09-17,misc,22.12
2024-09-18,dining,30.95
2024-09-18,shopping,64.67
2024-09-18,entertainment,29.7
2024-09-18,travel,125.4
2024-09-19,dining,35.57
2024-09-19,travel,78.53
2024-09-19,utilities,130.76
2024-09-20,dining,29.82
2024-09-20,groceries,93.64
2024-09-20,utilities,126.91
2024-09-20,misc,19.07
2024-09-21,groceries,83.4
2024-09-21,entertainment,51.0
2024-09-21,travel,125.63
2024-09-21,utilities,87.13
2024-09-21,misc,19.06
2024-09-22,dining,32.59
2024-09-22,shopping,45.51
2024-09-22,groceries,81.15
2024-09-23,groceries,56.34
2024-09-23,entertainment,43.39
2024-09-23,travel,75.44
2024-09-24,dining,32.91
2024-09-24,shopping,42.67
2024-09-24,groceries,64.94
2024-09-24,travel,84.64
2024-09-24,utilities,137.45
2024-09-25,shopping,57.75
2024-09-25,groceries,87.62
2024-09-25,travel,128.59
2024-09-25,utilities,100.22
2024-09-26,dining,32.19
2024-09-26,entertainment,37.4
2024-09-26,travel,104.2
2024-09-26,utilities,116.66
2024-09-26,misc,21.4
2024-09-27,dining,23.82
2024-09-27,shopping,46.39
2024-09-27,groceries,93.0
2024-09-27,travel,119.22
2024-09-27,utilities,124.13
2024-09-27,misc,25.13
2024-09-28,dining,46.5
2024-09-28,groceries,67.24
2024-09-28,entertainment,41.99
2024-09-28,travel,126.39
2024-09-28,utilities,125.17
2024-09-28,misc,18.05
2024-09-29,dining,34.81
2024-09-29,groceries,57.51
2024-09-29,entertainment,42.74
2024-09-29,utilities,112.89
2024-09-30,dining,31.45
2024-09-30,entertainment,28.29
2024-09-30,utilities,96.82
2024-09-30,misc,21.52
2024-10-01,groceries,68.61
2024-10-01,entertainment,50.79
2024-10-01,travel,85.13
2024-10-01,utilities,102.53
2024-10-02,dining,35.16
2024-10-02,shopping,38.26
2024-10-02,groceries,87.1
2024-10-02,entertainment,42.11
2024-10-03,dining,35.97
2024-10-03,shopping,51.55
2024-10-03,groceries,82.24
2024-10-03,travel,90.73
2024-10-03,utilities,155.25
2024-10-03,misc,14.79
2024-10-04,dining,27.82
2024-10-04,shopping,44.6
2024-10-04,groceries,80.63
2024-10-04,entertainment,29.63
2024-10-05,dining,29.41
2024-10-05,shopping,53.77
2024-10-05,groceries,90.12
2024-10-05,entertainment,43.46
2024-10-05,utilities,116.34
2024-10-06,dining,48.45
2024-10-06,groceries,58.43
2024-10-06,entertainment,34.35
2024-10-06,travel,81.4
2024-10-06,misc,15.1
2024-10-07,dining,33.29
2024-10-07,groceries,63.49
2024-10-07,travel,84.62
2024-10-07,utilities,116.59
2024-10-07,misc,21.43
2024-10-08,dining,32.75
2024-10-08,shopping,58.48
2024-10-08,groceries,73.74
2024-10-08,entertainment,43.68
2024-10-08,travel,88.77
2024-10-08,utilities,104.76
2024-10-09,dining,28.76
2024-10-09,shopping,50.82
2024-10-09,groceries,82.66
2024-10-09,entertainment,37.38
2024-10-09,travel,83.95
2024-10-09,utilities,118.87
2024-10-09,misc,22.07
2024-10-10,dining,31.84
2024-10-10,shopping,39.56
2024-10-10,travel,117.18
2024-10-10,misc,19.68
2024-10-11,dining,36.35
2024-10-11,entertainment,42.21
2024-10-11,travel,78.82
2024-10-11,misc,25.34
2024-10-12,groceries,86.08
2024-10-12,entertainment,47.5
2024-10-12,travel,87.18
2024-10-13,dining,33.41
2024-10-13,entertainment,34.11
2024-10-13,travel,124.48
2024-10-13,utilities,125.39
2024-10-14,dining,29.7
2024-10-14,shopping,59.91
2024-10-14,entertainment,51.36
2024-10-14,travel,82.91
2024-10-15,shopping,57.59
2024-10-15,groceries,72.74
2024-10-15,entertainment,46.52
2024-10-15,travel,103.48
2024-10-15,misc,19.98
2024-10-16,dining,38.51
2024-10-16,shopping,36.35
2024-10-16,groceries,88.42
2024-10-16,entertainment,40.04
2024-10-16,travel,124.66
2024-10-16,utilities,86.73
2024-10-16,misc,25.1
2024-10-17,groceries,64.55
2024-10-17,entertainment,34.23
2024-10-17,travel,122.74
2024-10-17,utilities,117.0
2024-10-18,shopping,50.8
2024-10-18,groceries,103.07
2024-10-18,utilities,123.23
2024-10-19,shopping,50.95
2024-10-19,groceries,68.63
2024-10-19,entertainment,46.78
2024-10-19,misc,22.17
2024-10-20,dining,35.39
2024-10-20,groceries,71.55
2024-10-20,entertainment,32.95
2024-10-21,dining,27.54
2024-10-21,groceries,68.77
2024-10-21,travel,126.2
2024-10-21,utilities,127.61
2024-10-22,dining,26.7
2024-10-22,groceries,81.33
2024-10-22,entertainment,47.35
2024-10-22,utilities,97.96
2024-10-22,misc,16.65
2024-10-23,dining,38.44
2024-10-23,shopping,48.19
2024-10-23,groceries,76.89
2024-10-23,travel,106.19
2024-10-23,utilities,106.44
2024-10-24,dining,30.45
2024-10-24,shopping,35.33
2024-10-24,travel,117.11
2024-10-25,dining,34.61
2024-10-25,shopping,46.85
2024-10-25,travel,125.09
2024-10-25,misc,14.92
2024-10-26,dining,46.51
2024-10-26,shopping,47.43
2024-10-26,groceries,86.53
2024-10-26,entertainment,51.39
2024-10-26,travel,99.2
2024-10-26,misc,20.84
2024-10-27,groceries,64.86
2024-10-27,entertainment,40.89
2024-10-27,travel,81.01
2024-10-27,utilities,154.4
2024-10-27,misc,15.66
2024-10-28,dining,21.72
2024-10-28,groceries,79.41
2024-10-28,entertainment,33.49
2024-10-28,travel,119.99
2024-10-28,utilities,136.85
2024-10-29,dining,28.04
2024-10-29,groceries,70.86
2024-10-29,entertainment,41.86
2024-10-29,utilities,151.05
2024-10-29,misc,21.83
2024-10-30,shopping,62.41
2024-10-30,entertainment,43.97
2024-10-30,utilities,155.44
2024-10-30,misc,16.39
2024-10-31,dining,34.51
2024-10-31,groceries,74.45
2024-10-31,travel,97.18
2024-11-01,shopping,62.19
2024-11-01,entertainment,33.66
2024-11-01,misc,24.35
2024-11-02,groceries,94.99
2024-11-02,travel,71.79
2024-11-02,utilities,95.07
2024-11-02,misc,17.6
2024-11-03,travel,105.26
2024-11-03,utilities,128.92
2024-11-03,misc,23.93
2024-11-04,groceries,85.17
2024-11-04,entertainment,44.0
2024-11-04,misc,14.15
2024-11-05,groceries,80.78
2024-11-05,entertainment,30.88
2024-11-05,travel,101.27
2024-11-05,misc,24.24
2024-11-06,dining,36.81
2024-11-06,entertainment,31.92
2024-11-06,travel,71.31
2024-11-06,utilities,141.12
2024-11-06,misc,18.17
2024-11-07,shopping,57.42
2024-11-07,groceries,98.33
2024-11-07,entertainment,39.92
2024-11-07,travel,117.09
2024-11-07,utilities,140.52
2024-11-07,misc,14.85
2024-11-08,shopping,68.89
2024-11-08,groceries,94.29
2024-11-08,travel,98.23
2024-11-08,misc,22.54
2024-11-09,groceries,61.61
2024-11-09,travel,70.25
2024-11-09,utilities,86.38
2024-11-09,misc,25.43
2024-11-10,dining,41.94
2024-11-10,entertainment,32.26
2024-11-10,travel,77.23
2024-11-11,utilities,112.98
2024-11-11,misc,15.36
2024-11-12,dining,25.23
2024-11-12,groceries,96.5
2024-11-12,entertainment,36.99
2024-11-12,travel,110.99
2024-11-12,utilities,87.43
2024-11-12,misc,24.39
2024-11-13,shopping,94.5
2024-11-13,groceries,57.73
2024-11-13,entertainment,41.05
2024-11-13,utilities,106.86
2024-11-13,misc,20.09
2024-11-14,dining,37.79
2024-11-14,shopping,88.4
2024-11-14,groceries,68.08
2024-11-14,utilities,152.94
2024-11-14,misc,21.97
2024-11-15,dining,22.78
2024-11-15,shopping,66.45
2024-11-15,groceries,62.25
2024-11-15,entertainment,30.74
2024-11-15,travel,103.39
2024-11-15,utilities,154.65
2024-11-15,misc,14.22
2024-11-16,shopping,54.52
2024-11-16,groceries,91.01
2024-11-16,entertainment,34.82
2024-11-16,travel,71.41
2024-11-16,utilities,96.03
2024-11-16,misc,15.45
2024-11-17,dining,38.4
2024-11-17,shopping,52.78
2024-11-17,groceries,63.45
2024-11-17,entertainment,44.13
2024-11-17,travel,107.94
2024-11-17,utilities,127.17
2024-11-17,misc,16.23
2024-11-18,dining,29.21
2024-11-18,shopping,94.82
2024-11-18,groceries,89.79
2024-11-18,entertainment,29.16
2024-11-18,travel,121.96
2024-11-18,utilities,152.92
2024-11-18,misc,16.38
2024-11-19,dining,31.51
2024-11-19,shopping,82.72
2024-11-19,groceries,65.18
2024-11-19,travel,120.86
2024-11-19,utilities,136.88
2024-11-19,misc,19.18
2024-11-20,groceries,92.82
2024-11-20,utilities,90.19
2024-11-21,dining,35.12
2024-11-21,shopping,93.57
2024-11-21,entertainment,39.9
2024-11-21,travel,76.07
2024-11-21,utilities,108.56
2024-11-22,dining,34.22
2024-11-22,entertainment,33.9
2024-11-22,travel,104.48
2024-11-22,utilities,127.11
2024-11-22,misc,25.38
2024-11-23,dining,37.26
2024-11-23,shopping,95.4
2024-11-23,groceries,91.59
2024-11-23,entertainment,32.45
2024-11-23,travel,70.71
2024-11-24,dining,49.77
2024-11-24,shopping,52.65
2024-11-24,groceries,68.19
2024-11-24,entertainment,47.06
2024-11-24,travel,124.43
2024-11-24,utilities,106.88
2024-11-25,dining,30.1
2024-11-25,groceries,75.06
2024-11-25,utilities,105.91
2024-11-26,dining,35.84
2024-11-26,shopping,86.09
2024-11-26,travel,102.98
2024-11-26,utilities,114.84
2024-11-26,misc,24.59
2024-11-27,dining,25.27
2024-11-27,shopping,88.42
2024-11-27,groceries,85.43
2024-11-27,misc,15.74
2024-11-28,groceries,84.34
2024-11-28,travel,110.66
2024-11-28,misc,17.17
2024-11-29,shopping,78.22
2024-11-29,groceries,62.3
2024-11-29,entertainment,33.96
2024-11-29,travel,99.05
2024-11-30,shopping,56.1
2024-11-30,groceries,89.19
2024-11-30,entertainment,37.52
2024-11-30,misc,21.53
2024-12-01,dining,43.13
2024-12-01,groceries,73.15
2024-12-01,entertainment,31.19
2024-12-01,utilities,146.83
2024-12-02,dining,36.44
2024-12-02,shopping,76.9
2024-12-02,groceries,94.98
2024-12-02,utilities,154.89
2024-12-02,misc,18.27
2024-12-03,dining,32.67
2024-12-03,shopping,61.6
2024-12-03,entertainment,29.14
2024-12-04,dining,24.93
2024-12-04,groceries,100.06
2024-12-04,entertainment,49.08
2024-12-04,travel,78.92
2024-12-04,utilities,111.24
2024-12-04,misc,17.55
2024-12-05,groceries,61.22
2024-12-05,entertainment,35.05
2024-12-05,travel,72.89
2024-12-05,utilities,109.25
2024-12-05,misc,14.53
2024-12-06,dining,32.87
2024-12-06,shopping,87.08
2024-12-06,groceries,100.94
2024-12-06,entertainment,50.83
2024-12-06,travel,89.54
2024-12-06,utilities,144.16
2024-12-06,misc,20.56
2024-12-07,dining,32.63
2024-12-07,shopping,84.47
2024-12-07,travel,97.2
2024-12-07,utilities,130.86
2024-12-08,dining,48.04
2024-12-08,shopping,83.82
2024-12-08,groceries,85.21
2024-12-09,dining,26.22
2024-12-09,shopping,73.65
2024-12-09,groceries,82.76
2024-12-09,entertainment,29.94
2024-12-09,utilities,121.4
2024-12-10,dining,33.78
2024-12-10,shopping,71.44
2024-12-10,groceries,72.39
2024-12-10,travel,88.83
2024-12-10,misc,23.1
2024-12-11,dining,36.58
2024-12-11,travel,78.92
2024-12-11,utilities,88.04
2024-12-11,misc,23.31
2024-12-12,shopping,90.69
2024-12-12,travel,129.77
2024-12-12,utilities,123.21
2024-12-12,misc,21.33
2024-12-13,dining,25.49
2024-12-13,shopping,52.56
2024-12-13,groceries,92.1
2024-12-13,entertainment,37.15
2024-12-13,travel,71.16
2024-12-13,utilities,127.28
2024-12-14,dining,42.37
2024-12-14,shopping,93.18
2024-12-14,groceries,59.86
2024-12-14,utilities,95.6
2024-12-14,misc,19.66
2024-12-15,shopping,85.3
2024-12-15,groceries,100.61
2024-12-15,entertainment,35.75
2024-12-15,utilities,117.34
2024-12-15,misc,17.9
2024-12-16,dining,36.57
2024-12-16,shopping,94.93
2024-12-16,groceries,77.46
2024-12-16,entertainment,41.94
2024-12-16,travel,123.76
2024-12-16,misc,23.78
2024-12-17,dining,33.52
2024-12-17,shopping,74.2
2024-12-17,entertainment,47.2
2024-12-17,travel,100.06
2024-12-17,utilities,87.97
2024-12-18,groceries,72.75
2024-12-18,travel,79.28
2024-12-18,utilities,139.5
2024-12-18,misc,17.62
2024-12-19,dining,35.44
2024-12-19,groceries,95.03
2024-12-19,travel,92.66
2024-12-19,utilities,132.31
2024-12-19,misc,22.4
2024-12-20,dining,21.78
2024-12-20,shopping,88.22
2024-12-20,groceries,85.44
2024-12-20,travel,99.43
2024-12-20,utilities,130.37
2024-12-21,shopping,63.13
2024-12-21,groceries,68.19
2024-12-21,travel,129.77
2024-12-21,utilities,88.59
2024-12-21,misc,19.83
2024-12-22,shopping,87.58
2024-12-22,groceries,76.49
2024-12-22,entertainment,49.2
2024-12-22,travel,89.95
2024-12-22,utilities,131.12
2024-12-22,misc,21.46
2024-12-23,shopping,69.88
2024-12-23,groceries,79.7
2024-12-23,entertainment,41.54
2024-12-23,travel,122.8
2024-12-24,dining,28.54
2024-12-24,shopping,91.41
2024-12-24,groceries,86.03
2024-12-24,entertainment,41.72
2024-12-24,utilities,98.32
2024-12-24,misc,25.15
2024-12-25,dining,33.69
2024-12-25,shopping,96.54
2024-12-25,groceries,84.45
2024-12-25,utilities,95.9
2024-12-25,misc,23.39
2024-12-26,shopping,83.77
2024-12-26,groceries,75.08
2024-12-26,entertainment,28.55
2024-12-27,dining,27.07
2024-12-27,entertainment,28.72
2024-12-27,travel,123.09
2024-12-28,dining,49.4
2024-12-28,shopping,78.36
2024-12-28,groceries,100.43
2024-12-28,travel,104.17
2024-12-28,utilities,103.59
2024-12-28,misc,25.81
2024-12-29,shopping,60.56
2024-12-29,travel,120.21
2024-12-29,utilities,109.2
2024-12-30,shopping,74.47
2024-12-30,groceries,65.59
2024-12-30,travel,73.69
2024-12-31,dining,30.85
2024-12-31,shopping,56.97
2024-12-31,groceries,94.52
2024-12-31,entertainment,41.23
2024-12-31,travel,97.61
2024-12-31,utilities,130.2
2025-01-01,dining,38.57
2025-01-01,shopping,41.29
2025-01-01,entertainment,39.06
2025-01-01,travel,98.49
2025-01-01,utilities,107.86
2025-01-01,misc,24.56
2025-01-02,shopping,63.57
2025-01-02,entertainment,43.23
2025-01-02,misc,17.35
2025-01-03,dining,23.85
2025-01-03,shopping,57.1
2025-01-03,groceries,57.68
2025-01-03,entertainment,31.14
2025-01-03,travel,82.85
2025-01-03,utilities,153.68
2025-01-03,misc,21.75
2025-01-04,dining,34.61
2025-01-04,shopping,48.66
2025-01-04,groceries,98.65
2025-01-04,entertainment,34.1
2025-01-04,travel,100.79
2025-01-04,utilities,131.47
2025-01-05,dining,27.78
2025-01-05,shopping,61.04
2025-01-05,groceries,60.75
2025-01-05,travel,119.9
2025-01-05,misc,15.64
2025-01-06,dining,34.51
2025-01-06,shopping,62.51
2025-01-06,groceries,102.8
2025-01-06,entertainment,50.91
2025-01-06,travel,70.09
2025-01-06,utilities,168.98
2025-01-06,misc,22.11
2025-01-07,groceries,63.79
2025-01-07,entertainment,43.74
2025-01-07,utilities,116.23
2025-01-07,misc,24.12
2025-01-08,dining,36.37
2025-01-08,groceries,64.8
2025-01-08,travel,100.15
2025-01-08,misc,23.52
2025-01-09,shopping,47.44
2025-01-09,groceries,67.64
2025-01-09,travel,122.46
2025-01-09,utilities,129.06
2025-01-09,misc,18.07
2025-01-10,dining,30.97
2025-01-10,shopping,46.13
2025-01-10,groceries,76.33
2025-01-10,entertainment,47.29
2025-01-10,travel,76.03
2025-01-10,utilities,120.74
2025-01-10,misc,19.81
2025-01-11,dining,49.5
2025-01-11,shopping,52.93
2025-01-11,travel,89.51
2025-01-11,misc,16.19
2025-01-12,shopping,41.91
2025-01-12,travel,84.22
2025-01-12,misc,22.35
2025-01-13,shopping,45.01
2025-01-13,groceries,64.72
2025-01-13,travel,119.58
2025-01-13,misc,15.63
2025-01-14,dining,21.64
2025-01-14,shopping,37.29
2025-01-14,groceries,92.53
2025-01-14,travel,85.96
2025-01-14,misc,15.87
2025-01-15,shopping,63.67
2025-01-15,entertainment,50.37
2025-01-15,utilities,129.72
2025-01-15,misc,15.7
2025-01-16,dining,35.22
2025-01-16,shopping,58.69
2025-01-16,entertainment,36.43
2025-01-16,travel,106.9
2025-01-16,utilities,164.37
2025-01-16,misc,17.73
2025-01-17,dining,26.28
2025-01-17,shopping,35.46
2025-01-17,groceries,102.2
2025-01-17,entertainment,31.49
2025-01-17,travel,88.05
2025-01-17,utilities,133.83
2025-01-18,shopping,46.64
2025-01-18,groceries,64.67
2025-01-18,entertainment,35.9
2025-01-18,travel,109.51
2025-01-18,utilities,104.0
2025-01-19,dining,28.84
2025-01-19,shopping,36.09
2025-01-19,entertainment,28.62
2025-01-19,travel,72.66
2025-01-19,utilities,146.74
2025-01-19,misc,21.48
2025-01-20,dining,37.41
2025-01-20,groceries,57.41
2025-01-20,travel,107.32
2025-01-20,utilities,144.74
2025-01-21,shopping,43.11
2025-01-21,entertainment,49.43
2025-01-21,travel,72.44
2025-01-22,dining,38.57
2025-01-22,shopping,43.58
2025-01-22,groceries,103.36
2025-01-22,entertainment,40.02
2025-01-22,travel,118.0
2025-01-22,utilities,110.01
2025-01-22,misc,24.75
2025-01-23,dining,38.66
2025-01-23,shopping,43.84
2025-01-23,entertainment,51.13
2025-01-23,travel,113.79
2025-01-23,utilities,170.84
2025-01-23,misc,17.05
2025-01-24,groceries,75.19
2025-01-24,entertainment,32.59
2025-01-24,travel,98.05
2025-01-24,utilities,110.58
2025-01-25,shopping,54.02
2025-01-25,groceries,100.69
2025-01-25,travel,107.39
2025-01-25,utilities,144.25
2025-01-26,dining,35.02
2025-01-26,groceries,73.44
2025-01-26,entertainment,31.89
2025-01-26,travel,121.64
2025-01-26,utilities,132.81
2025-01-26,misc,23.74
2025-01-27,dining,21.44
2025-01-27,entertainment,34.75
2025-01-27,travel,95.73
2025-01-27,utilities,112.82
2025-01-28,dining,25.17
2025-01-28,groceries,62.68
2025-01-28,entertainment,31.49
2025-01-28,travel,87.42
2025-01-28,utilities,175.96
2025-01-29,shopping,53.5
2025-01-29,entertainment,49.47
2025-01-29,travel,84.49
2025-01-29,utilities,173.86
2025-01-30,dining,34.76
2025-01-30,shopping,43.61
2025-01-30,entertainment,34.39
2025-01-30,travel,82.39
2025-01-30,misc,20.79
2025-01-31,dining,31.11
2025-01-31,shopping,58.73
2025-01-31,groceries,85.4
2025-01-31,entertainment,41.08
2025-01-31,travel,123.92
2025-02-01,dining,31.34
2025-02-01,shopping,41.27
2025-02-01,groceries,99.1
2025-02-01,entertainment,43.63
2025-02-01,travel,103.49
2025-02-01,utilities,134.49
2025-02-01,misc,19.37
2025-02-02,dining,40.67
2025-02-02,shopping,63.64
2025-02-02,groceries,58.92
2025-02-02,entertainment,33.33
2025-02-02,utilities,144.97
2025-02-03,dining,32.29
2025-02-03,shopping,49.79
2025-02-03,entertainment,31.94
2025-02-03,travel,80.68
2025-02-03,utilities,125.08
2025-02-04,dining,24.84
2025-02-04,shopping,47.73
2025-02-04,groceries,64.04
2025-02-04,entertainment,44.92
2025-02-04,travel,81.48
2025-02-04,utilities,156.9
2025-02-04,misc,19.09
2025-02-05,shopping,48.16
2025-02-05,groceries,98.98
2025-02-05,entertainment,50.22
2025-02-05,misc,17.5
2025-02-06,shopping,53.43
2025-02-06,travel,89.64
2025-02-06,utilities,110.59
2025-02-06,misc,14.65
2025-02-07,dining,34.6
2025-02-07,shopping,59.74
2025-02-07,groceries,90.72
2025-02-07,entertainment,34.16
2025-02-07,travel,115.48
2025-02-07,utilities,128.58
2025-02-08,shopping,56.23
2025-02-08,entertainment,33.56
2025-02-08,travel,125.21
2025-02-08,utilities,168.32
2025-02-08,misc,21.96
2025-02-09,dining,36.97
2025-02-09,groceries,56.65
2025-02-10,dining,34.45
2025-02-10,shopping,48.46
2025-02-10,entertainment,49.96
2025-02-10,travel,76.78
2025-02-10,utilities,133.86
2025-02-11,dining,29.03
2025-02-11,groceries,83.35
2025-02-11,entertainment,44.45
2025-02-11,travel,102.1
2025-02-11,utilities,108.57
2025-02-11,misc,23.58
2025-02-12,dining,26.73
2025-02-12,groceries,64.57
2025-02-12,entertainment,28.69
2025-02-12,travel,122.24
2025-02-12,utilities,130.28
2025-02-13,dining,36.91
2025-02-13,shopping,47.77
2025-02-13,groceries,57.11
2025-02-13,entertainment,42.53
2025-02-13,travel,99.7
2025-02-13,utilities,138.28
2025-02-14,groceries,101.63
2025-02-14,entertainment,46.72
2025-02-14,travel,84.7
2025-02-14,utilities,160.07
2025-02-14,misc,20.71
2025-02-15,shopping,62.35
2025-02-15,groceries,83.56
2025-02-15,entertainment,49.52
2025-02-15,utilities,172.87
2025-02-15,misc,21.41
2025-02-16,dining,38.29
2025-02-16,shopping,54.13
2025-02-16,groceries,96.34
2025-02-16,travel,121.94
2025-02-16,misc,22.35
2025-02-17,dining,32.14
2025-02-17,shopping,42.17
2025-02-17,groceries,89.49
2025-02-17,travel,118.23
2025-02-17,utilities,171.99
2025-02-17,misc,24.98
2025-02-18,groceries,68.52
2025-02-18,travel,125.54
2025-02-18,misc,16.84
2025-02-19,groceries,73.94
2025-02-19,entertainment,35.84
2025-02-19,travel,129.08
2025-02-19,utilities,153.02
2025-02-19,misc,18.48
2025-02-20,shopping,42.37
2025-02-20,entertainment,31.44
2025-02-20,travel,107.01
2025-02-20,utilities,160.91
2025-02-20,misc,20.27
2025-02-21,groceries,74.52
2025-02-21,travel,127.06
2025-02-21,utilities,173.55
2025-02-22,dining,31.33
2025-02-22,shopping,47.75
2025-02-22,groceries,103.93
2025-02-22,entertainment,28.98
2025-02-22,travel,79.65
2025-02-22,misc,23.7
2025-02-23,dining,27.9
2025-02-23,shopping,60.87
2025-02-23,groceries,61.07
2025-02-23,utilities,135.64
2025-02-23,misc,14.36
2025-02-24,shopping,44.85
2025-02-24,travel,97.87
2025-02-24,utilities,163.03
2025-02-24,misc,16.3
2025-02-25,dining,23.53
2025-02-25,shopping,42.17
2025-02-25,entertainment,43.06
2025-02-25,travel,73.98
2025-02-25,misc,24.37
2025-02-26,dining,33.52
2025-02-26,groceries,62.16
2025-02-26,entertainment,29.75
2025-02-26,travel,105.79
2025-02-26,utilities,159.05
2025-02-27,dining,33.69
2025-02-27,entertainment,49.73
2025-02-27,utilities,146.04
2025-02-27,misc,14.74
2025-02-28,groceries,58.08
2025-02-28,entertainment,50.0
2025-02-28,travel,95.1
2025-02-28,misc,16.02
2025-03-01,dining,42.34
2025-03-01,shopping,46.23
2025-03-01,entertainment,31.52
2025-03-01,travel,81.78
2025-03-01,misc,16.97
2025-03-02,dining,33.52
2025-03-02,groceries,103.43
2025-03-02,entertainment,36.97
2025-03-02,travel,95.17
2025-03-02,utilities,113.37
2025-03-02,misc,15.51
2025-03-03,shopping,44.15
2025-03-03,utilities,123.32
2025-03-03,misc,21.31
2025-03-04,shopping,42.76
2025-03-04,groceries,69.16
2025-03-04,entertainment,42.43
2025-03-04,travel,128.13
2025-03-04,utilities,94.3
2025-03-05,dining,24.71
2025-03-05,shopping,44.31
2025-03-05,groceries,102.66
2025-03-05,entertainment,32.0
2025-03-05,travel,105.64
2025-03-05,utilities,115.02
2025-03-05,misc,14.82
2025-03-06,dining,28.73
2025-03-06,shopping,64.1
2025-03-06,entertainment,35.3
2025-03-06,travel,105.32
2025-03-06,utilities,120.24
2025-03-07,dining,28.37
2025-03-07,shopping,49.9
2025-03-07,groceries,95.08
2025-03-07,entertainment,42.64
2025-03-07,travel,127.29
2025-03-07,utilities,155.93
2025-03-07,misc,19.91
2025-03-08,dining,40.55
2025-03-08,shopping,47.27
2025-03-08,groceries,66.43
2025-03-08,travel,95.39
2025-03-08,misc,19.96
2025-03-09,shopping,61.74
2025-03-09,groceries,72.25
2025-03-09,entertainment,48.91
2025-03-09,travel,72.96
2025-03-10,shopping,60.02
2025-03-10,groceries,59.18
2025-03-10,travel,80.12
2025-03-10,utilities,117.51
2025-03-10,misc,14.66
2025-03-11,dining,35.8
2025-03-11,groceries,102.94
2025-03-11,entertainment,41.12
2025-03-11,travel,111.08
2025-03-11,utilities,154.62
2025-03-11,misc,22.2
2025-03-12,dining,36.07
2025-03-12,groceries,79.32
2025-03-12,entertainment,48.94
2025-03-12,utilities,125.26
2025-03-13,groceries,96.63
2025-03-13,utilities,89.73
2025-03-13,misc,25.51
2025-03-14,dining,24.74
2025-03-14,shopping,38.29
2025-03-14,groceries,90.7
2025-03-14,entertainment,45.13
2025-03-15,shopping,36.02
2025-03-15,entertainment,36.81
2025-03-15,travel,120.25
2025-03-15,utilities,154.14
2025-03-16,entertainment,36.55
2025-03-16,utilities,127.21
2025-03-16,misc,14.71
2025-03-17,dining,24.97
2025-03-17,shopping,55.35
2025-03-17,groceries,103.2
2025-03-17,entertainment,36.36
2025-03-17,travel,111.05
2025-03-17,utilities,89.06
2025-03-18,shopping,45.54
2025-03-18,groceries,62.33
2025-03-18,entertainment,39.67
2025-03-18,travel,123.96
2025-03-18,misc,20.9
2025-03-19,dining,28.51
2025-03-19,shopping,51.57
2025-03-19,travel,74.88
2025-03-19,utilities,109.43
2025-03-19,misc,15.79
2025-03-20,shopping,52.53
2025-03-20,groceries,93.64
2025-03-20,entertainment,46.87
2025-03-20,travel,85.15
2025-03-20,utilities,139.03
